{
  "name": "puppetlabs-mysql",
  "version": "3.3.0",
  "author": "Puppet Labs",
  "summary": "Installs, configures, and manages the MySQL service.",
  "license": "Apache-2.0",
  "source": "git://github.com/puppetlabs/puppetlabs-mysql.git",
  "project_page": "http://github.com/puppetlabs/puppetlabs-mysql",
  "issues_url": "https://tickets.puppetlabs.com/browse/MODULES",
  "operatingsystem_support": [
    {
      "operatingsystem": "RedHat",
      "operatingsystemrelease": [
        "5",
        "6",
        "7"
      ]
    },
    {
      "operatingsystem": "CentOS",
      "operatingsystemrelease": [
        "5",
        "6",
        "7"
      ]
    },
    {
      "operatingsystem": "OracleLinux",
      "operatingsystemrelease": [
        "5",
        "6",
        "7"
      ]
    },
    {
      "operatingsystem": "Scientific",
      "operatingsystemrelease": [
        "5",
        "6",
        "7"
      ]
    },
    {
      "operatingsystem": "SLES",
      "operatingsystemrelease": [
        "10 SP4",
        "11 SP1",
        "12"
      ]
    },
    {
      "operatingsystem": "Debian",
      "operatingsystemrelease": [
        "6",
        "7"
      ]
    },
    {
      "operatingsystem": "Ubuntu",
      "operatingsystemrelease": [
        "10.04",
        "12.04",
        "14.04"
      ]
    }
  ],
  "requirements": [
    {
      "name": "pe",
      "version_requirement": "3.x"
    },
    {
      "name": "puppet",
      "version_requirement": "3.x"
    }
  ],
  "description": "Mysql module",
  "dependencies": [
    {"name":"puppetlabs/stdlib","version_requirement":">= 3.2.0 < 5.0.0"},
    {"name":"nanliu/staging","version_requirement":"1.x"}
  ]
}
